"device_info_serial";"date_time";"index";"x_acceleration";"y_acceleration";"z_acceleration"
355;"2010-06-28 00:22:47";0;64;53;1381
355;"2010-06-28 00:27:58";0;257;-85;1766
355;"2010-06-28 00:33:06";0;-864;-120;1060
355;"2010-06-28 00:38:01";0;-1871;34;2088
355;"2010-06-28 00:43:30";0;-634;-95;1188
355;"2010-06-28 00:48:25";0;-532;-79;1220
355;"2010-06-28 00:53:46";0;-599;-158;1220
355;"2010-06-28 00:58:53";0;-418;-73;1285
355;"2010-06-28 01:03:53";0;-134;-314;1317
355;"2010-06-28 01:09:00";0;129;-273;2088
355;"2010-06-28 01:14:00";0;-220;21;1285
355;"2010-06-28 01:19:04";0;-144;-3;1445
355;"2010-06-28 01:24:08";0;-56;10;1509
355;"2010-06-28 01:29:12";0;98;-349;1927
355;"2010-06-28 01:34:17";0;-344;-104;1317
355;"2010-06-28 01:39:22";0;-342;-143;1317
355;"2010-06-28 01:44:26";0;-457;-60;1285
355;"2010-06-28 01:49:37";0;-324;-92;1317
355;"2010-06-28 01:54:44";0;-281;-64;1317
355;"2010-06-28 02:00:04";0;-334;-50;1317
355;"2010-06-28 02:04:58";0;-342;-74;1317
355;"2010-06-28 02:10:02";0;-413;-49;1285
355;"2010-06-28 02:15:10";0;-327;-76;1317
355;"2010-06-28 02:20:34";0;150;-205;481
355;"2010-06-28 02:25:46";0;-139;-316;1156
355;"2010-06-28 02:30:49";0;-172;-528;2409
355;"2010-06-28 02:35:49";0;145;-186;449
355;"2010-06-28 02:40:46";0;-231;-649;2409
355;"2010-06-28 02:45:49";0;94;-158;578
355;"2010-06-28 02:50:48";0;-38;-733;2120
355;"2010-06-28 02:55:53";0;-116;-476;2537
355;"2010-06-28 03:00:57";0;-304;-797;2409
355;"2010-06-28 03:06:01";0;118;-308;353
355;"2010-06-28 03:11:10";0;-312;-15;449
355;"2010-06-28 03:16:11";0;463;-235;995
355;"2010-06-28 03:21:13";0;-749;-262;1092
355;"2010-06-28 03:26:16";0;-496;-89;1252
355;"2010-06-28 03:31:22";0;-346;-101;353
355;"2010-06-28 03:36:26";0;-794;1248;1317
355;"2010-06-28 03:41:29";0;-814;-9;1092
355;"2010-06-28 03:46:44";0;-578;-115;1220
355;"2010-06-28 03:51:47";0;-834;-167;1092
355;"2010-06-28 03:56:51";0;-541;-126;1220
355;"2010-06-28 04:02:12";0;-419;-124;1381
355;"2010-06-28 04:07:05";0;-237;-10;1285
355;"2010-06-28 04:12:13";0;-383;-302;1188
355;"2010-06-28 04:17:13";0;-428;11;1381
355;"2010-06-28 04:22:18";0;-433;-114;1285
355;"2010-06-28 04:27:55";0;31;-438;1317
355;"2010-06-28 04:32:58";0;-5;-425;1317
355;"2010-06-28 04:38:13";0;108;-452;2152
355;"2010-06-28 04:43:31";0;-642;-94;1188
355;"2010-06-28 04:48:26";0;-96;-213;1349
355;"2010-06-28 04:58:28";0;-81;-274;1349
355;"2010-06-28 05:03:16";0;-51;-89;1349
355;"2010-06-28 05:08:09";0;-53;-83;1349
355;"2010-06-28 05:13:12";0;-50;-87;1381
355;"2010-06-28 05:18:19";0;-108;-72;1381
355;"2010-06-28 05:23:20";0;-126;-91;1349
355;"2010-06-28 05:28:28";0;-112;-474;1349
355;"2010-06-28 05:33:29";0;57;-443;1285
355;"2010-06-28 05:38:35";0;-628;-105;1220
355;"2010-06-28 05:43:32";0;-496;-124;1285
355;"2010-06-28 05:48:22";0;-555;-154;1220
355;"2010-06-28 05:53:21";0;-620;-175;1188
355;"2010-06-28 05:58:36";0;-672;-44;1188
355;"2010-06-28 06:12:20";0;-57;-546;2570
355;"2010-06-28 06:17:42";0;-196;-647;2248
355;"2010-06-28 06:22:34";0;-368;-450;1028
355;"2010-06-28 06:27:35";0;-679;-103;1156
355;"2010-06-28 06:32:44";0;-627;238;1156
355;"2010-06-28 06:38:02";0;-71;91;1349
355;"2010-06-28 06:43:21";0;-564;-153;1252
355;"2010-06-28 06:49:42";0;282;-198;1799
355;"2010-06-28 06:54:36";0;-104;-733;2088
355;"2010-06-28 06:59:45";0;49;-328;385
355;"2010-06-28 07:04:36";0;-188;-370;2216
355;"2010-06-28 07:09:25";0;-60;-439;1574
355;"2010-06-28 07:14:19";0;-66;-538;1863
355;"2010-06-28 07:19:23";0;89;-433;1799
355;"2010-06-28 07:24:28";0;-91;-607;2248
355;"2010-06-28 07:29:30";0;153;-409;1574
355;"2010-06-28 07:34:36";0;142;-285;1477
355;"2010-06-28 07:39:39";0;198;-335;1542
355;"2010-06-28 07:44:43";0;124;-279;1220
355;"2010-06-28 07:49:46";0;159;-506;1638
355;"2010-06-28 07:54:51";0;106;-226;1477
355;"2010-06-28 08:00:01";0;103;-187;1188
355;"2010-06-28 08:05:00";0;104;-346;1381
355;"2010-06-28 08:10:03";0;165;-398;1477
355;"2010-06-28 08:15:13";0;157;-330;1509
355;"2010-06-28 08:20:17";0;74;-384;1509
355;"2010-06-28 08:23:55";0;80;-285;1285
355;"2010-06-28 08:24:21";0;64;9;1188
355;"2010-06-28 08:24:36";0;123;-173;803
355;"2010-06-28 08:25:41";0;36;-241;1317
355;"2010-06-28 08:25:55";0;83;-271;1220
355;"2010-06-28 08:26:13";0;37;-361;1766
355;"2010-06-28 08:29:10";0;146;-311;1542
355;"2010-06-28 08:29:24";0;214;-374;1542
355;"2010-06-28 08:31:18";0;-13;-418;1927
355;"2010-06-28 08:31:31";0;85;-317;1606
355;"2010-06-28 08:31:48";0;21;-415;1542
355;"2010-06-28 08:33:42";0;25;-360;1477
355;"2010-06-28 08:33:55";0;97;-362;1317
355;"2010-06-28 08:34:12";0;-44;-444;1574
355;"2010-06-28 08:35:17";0;87;-311;1220
355;"2010-06-28 08:35:31";0;-29;-329;1445
355;"2010-06-28 08:36:00";0;85;-284;1317
355;"2010-06-28 08:36:25";0;36;-375;1381
355;"2010-06-28 08:36:51";0;-29;-269;1606
355;"2010-06-28 08:38:46";0;173;-393;1220
355;"2010-06-28 08:39:00";0;93;-395;1542
355;"2010-06-28 08:39:15";0;102;-246;1317
355;"2010-06-28 08:39:31";0;49;-406;1349
355;"2010-06-28 08:39:48";0;860;191;706
355;"2010-06-28 08:40:04";0;119;-445;2216
355;"2010-06-28 08:41:10";0;-407;-19;1252
355;"2010-06-28 08:41:24";0;-45;-343;3180
355;"2010-06-28 08:41:40";0;38;-183;1734
355;"2010-06-28 08:41:55";0;-633;-218;1028
355;"2010-06-28 08:42:11";0;319;-681;2377
355;"2010-06-28 08:42:28";0;-518;-17;1381
355;"2010-06-28 08:43:33";0;68;-365;1509
355;"2010-06-28 08:43:48";0;211;-427;1991
355;"2010-06-28 08:44:03";0;771;-731;2634
355;"2010-06-28 08:45:12";0;-205;-512;1124
355;"2010-06-28 08:45:41";0;-72;304;2023
355;"2010-06-28 08:45:57";0;-367;-24;1317
355;"2010-06-28 08:48:01";0;-1304;-638;1863
355;"2010-06-28 08:48:21";0;-336;-207;1252
355;"2010-06-28 08:48:57";0;-2359;-517;-2603
355;"2010-06-28 08:49:26";0;437;-315;738
355;"2010-06-28 08:52:55";0;-604;-113;1220
355;"2010-06-28 08:55:04";0;-686;-105;1188
355;"2010-06-28 08:58:00";0;-590;387;2088
355;"2010-06-28 08:58:29";0;-512;-37;-322
355;"2010-06-28 08:58:43";0;-210;-765;2666
355;"2010-06-28 08:58:59";0;546;-262;610
355;"2010-06-28 08:59:15";0;-611;4;1156
355;"2010-06-28 08:59:34";0;-650;-155;1188
355;"2010-06-28 09:01:12";0;-710;-111;1156
355;"2010-06-28 09:02:29";0;-697;-44;1188
355;"2010-06-28 09:02:45";0;-548;-300;1220
355;"2010-06-28 09:02:59";0;-594;-59;1220
355;"2010-06-28 09:03:19";0;-750;-83;1124
355;"2010-06-28 09:03:34";0;2;-77;128
355;"2010-06-28 09:03:49";0;298;-535;1766
355;"2010-06-28 09:06:27";0;50;-610;1734
355;"2010-06-28 09:08:36";0;103;-409;1542
355;"2010-06-28 09:08:52";0;-83;-421;1638
355;"2010-06-28 09:09:07";0;20;-525;1766
355;"2010-06-28 09:09:24";0;-49;-476;1734
355;"2010-06-28 09:09:40";0;31;-396;1734
355;"2010-06-28 09:10:59";0;46;-340;1509
355;"2010-06-28 09:11:16";0;97;-303;1509
355;"2010-06-28 09:11:33";0;55;-322;1381
355;"2010-06-28 09:11:47";0;31;-363;1509
355;"2010-06-28 09:12:05";0;28;-452;1638
355;"2010-06-28 09:12:20";0;-41;-475;1445
355;"2010-06-28 09:12:35";0;157;-289;1188
355;"2010-06-28 09:12:51";0;43;-352;1413
355;"2010-06-28 09:13:08";0;23;-341;1381
355;"2010-06-28 09:13:23";0;60;-437;1252
355;"2010-06-28 09:13:39";0;97;-350;1252
355;"2010-06-28 09:13:55";0;55;-370;1252
355;"2010-06-28 09:14:13";0;64;-437;1509
355;"2010-06-28 09:14:28";0;-13;-397;1670
355;"2010-06-28 09:15:34";0;45;-460;1413
355;"2010-06-28 09:15:47";0;111;-360;1349
355;"2010-06-28 09:16:03";0;8;-388;1413
355;"2010-06-28 09:16:20";0;42;-277;1285
355;"2010-06-28 09:16:36";0;75;-406;1028
355;"2010-06-28 09:16:51";0;69;-323;1349
355;"2010-06-28 09:17:07";0;65;-351;1285
355;"2010-06-28 09:17:25";0;59;-253;1092
355;"2010-06-28 09:17:39";0;61;-255;1124
355;"2010-06-28 09:17:55";0;110;-241;1220
355;"2010-06-28 09:18:11";0;85;-328;1349
355;"2010-06-28 09:18:28";0;40;-413;1702
355;"2010-06-28 09:18:43";0;87;-414;1413
355;"2010-06-28 09:18:59";0;89;-304;1477
355;"2010-06-28 09:19:15";0;71;-381;1445
355;"2010-06-28 09:20:22";0;51;-374;1477
355;"2010-06-28 09:20:35";0;-19;-448;1317
355;"2010-06-28 09:20:51";0;0;-203;1670
355;"2010-06-28 09:21:09";0;-4;-379;1381
355;"2010-06-28 09:21:24";0;-18;-381;1413
355;"2010-06-28 09:21:40";0;-21;-398;1477
355;"2010-06-28 09:21:55";0;153;-487;1477
355;"2010-06-28 09:22:12";0;95;-451;1445
355;"2010-06-28 09:22:27";0;145;-393;1574
355;"2010-06-28 09:22:44";0;53;-475;1606
355;"2010-06-28 09:22:59";0;-28;-412;1574
355;"2010-06-28 09:23:15";0;94;-403;1349
355;"2010-06-28 09:24:21";0;52;-365;1349
355;"2010-06-28 09:24:37";0;62;-413;1317
355;"2010-06-28 09:24:51";0;37;-309;1060
355;"2010-06-28 09:25:07";0;10;-431;1477
355;"2010-06-28 09:25:23";0;13;-368;1285
355;"2010-06-28 09:25:39";0;-5;-351;1285
355;"2010-06-28 09:25:56";0;33;-344;1252
355;"2010-06-28 09:26:11";0;79;-401;1445
355;"2010-06-28 09:26:29";0;32;-441;1445
355;"2010-06-28 09:26:46";0;109;-290;835
355;"2010-06-28 09:27:00";0;69;-403;1445
355;"2010-06-28 09:27:15";0;74;-434;1413
355;"2010-06-28 09:27:31";0;16;-437;1542
355;"2010-06-28 09:27:47";0;99;-354;1349
355;"2010-06-28 09:28:05";0;95;-338;1252
355;"2010-06-28 09:28:20";0;82;-377;1317
355;"2010-06-28 09:28:36";0;93;-377;1285
355;"2010-06-28 09:28:53";0;63;-404;1477
355;"2010-06-28 09:29:08";0;93;-326;1252
355;"2010-06-28 09:29:24";0;116;-377;1285
355;"2010-06-28 09:29:41";0;72;-390;1349
355;"2010-06-28 09:29:56";0;35;-412;1285
355;"2010-06-28 09:30:12";0;60;-389;1349
355;"2010-06-28 09:30:28";0;22;-333;1574
355;"2010-06-28 09:30:44";0;61;-469;1574
355;"2010-06-28 09:31:00";0;25;-386;1477
355;"2010-06-28 09:31:16";0;72;-466;1606
355;"2010-06-28 09:31:33";0;70;-319;1252
355;"2010-06-28 09:31:48";0;118;-432;1285
355;"2010-06-28 09:32:04";0;88;-337;1124
355;"2010-06-28 09:32:20";0;94;-427;1252
355;"2010-06-28 09:32:36";0;108;-329;1124
355;"2010-06-28 09:32:52";0;89;-356;1028
355;"2010-06-28 09:33:08";0;16;-447;1638
355;"2010-06-28 09:33:24";0;15;-476;1574
355;"2010-06-28 09:33:41";0;93;-483;1220
355;"2010-06-28 09:33:56";0;52;-346;1349
355;"2010-06-28 09:34:12";0;51;-406;1317
355;"2010-06-28 09:34:29";0;39;-311;1252
355;"2010-06-28 09:34:45";0;69;-340;1220
355;"2010-06-28 09:35:01";0;-13;-441;1477
355;"2010-06-28 09:35:16";0;-17;-454;1509
355;"2010-06-28 09:36:21";0;43;-338;1445
355;"2010-06-28 09:36:37";0;31;-588;1349
355;"2010-06-28 09:36:51";0;17;-332;1477
355;"2010-06-28 09:37:09";0;50;-379;1285
355;"2010-06-28 09:37:37";0;74;-378;1349
355;"2010-06-28 09:37:56";0;77;-370;1253
355;"2010-06-28 09:38:12";0;71;-357;1188
355;"2010-06-28 09:38:28";0;81;-443;1317
355;"2010-06-28 09:38:45";0;27;-399;1317
355;"2010-06-28 09:39:00";0;54;-404;1349
355;"2010-06-28 09:39:16";0;61;-329;1252
355;"2010-06-28 09:39:33";0;44;-359;1252
355;"2010-06-28 09:39:48";0;80;-349;1188
355;"2010-06-28 09:40:04";0;67;-338;1188
355;"2010-06-28 09:40:20";0;-18;-335;931
355;"2010-06-28 09:40:36";0;88;-307;1381
355;"2010-06-28 09:40:52";0;46;-268;1092
355;"2010-06-28 09:41:08";0;50;-458;1317
355;"2010-06-28 09:41:25";0;65;-427;1477
355;"2010-06-28 09:41:40";0;-12;-352;1413
355;"2010-06-28 09:41:57";0;95;-340;1220
355;"2010-06-28 09:42:13";0;-2;-381;1831
355;"2010-06-28 09:42:28";0;-47;-314;1381
355;"2010-06-28 09:42:45";0;1;-264;1060
355;"2010-06-28 09:43:00";0;78;-304;1285
355;"2010-06-28 09:43:16";0;49;-275;1285
355;"2010-06-28 09:43:33";0;16;-441;1477
355;"2010-06-28 09:43:48";0;74;-451;1349
355;"2010-06-28 09:44:05";0;95;-352;1349
355;"2010-06-28 09:44:21";0;238;-495;1188
355;"2010-06-28 09:44:36";0;149;-291;1220
355;"2010-06-28 09:44:52";0;49;-341;1381
355;"2010-06-28 09:45:09";0;17;-245;1092
355;"2010-06-28 09:45:24";0;53;-241;1220
355;"2010-06-28 09:45:41";0;43;-324;1381
355;"2010-06-28 09:46:46";0;-43;-355;1349
355;"2010-06-28 09:46:59";0;49;-333;1124
355;"2010-06-28 09:47:17";0;45;-336;1381
355;"2010-06-28 09:47:33";0;-2;-244;835
355;"2010-06-28 09:47:49";0;-34;-315;931
355;"2010-06-28 09:48:05";0;0;-203;803
355;"2010-06-28 09:48:20";0;95;-331;1092
355;"2010-06-28 09:48:37";0;95;-436;1317
355;"2010-06-28 09:48:53";0;19;-513;1638
355;"2010-06-28 09:49:09";0;8;-344;1445
355;"2010-06-28 09:49:25";0;102;-401;1574
355;"2010-06-28 09:49:40";0;78;-510;1477
355;"2010-06-28 09:49:57";0;104;-317;1220
355;"2010-06-28 09:50:12";0;118;-374;1317
355;"2010-06-28 09:50:29";0;24;-297;1188
355;"2010-06-28 09:50:44";0;42;-365;1702
355;"2010-06-28 09:51:01";0;-3;-356;1574
355;"2010-06-28 09:51:17";0;94;-297;1413
355;"2010-06-28 09:51:32";0;65;-270;1445
355;"2010-06-28 09:51:49";0;-7;-400;1413
355;"2010-06-28 09:52:04";0;54;-426;1670
355;"2010-06-28 09:52:20";0;69;-366;1413
355;"2010-06-28 09:52:36";0;70;-376;1188
355;"2010-06-28 09:52:52";0;80;-398;1349
355;"2010-06-28 09:53:09";0;11;-414;1670
355;"2010-06-28 09:53:24";0;14;-533;610
355;"2010-06-28 09:53:40";0;44;-380;1317
355;"2010-06-28 09:53:57";0;89;-419;1349
355;"2010-06-28 09:54:13";0;59;-441;1638
355;"2010-06-28 09:54:28";0;58;-354;1542
355;"2010-06-28 09:54:45";0;-96;-383;1445
355;"2010-06-28 09:55:01";0;83;-299;1381
355;"2010-06-28 09:55:17";0;404;-34;1606
355;"2010-06-28 09:55:33";0;146;-235;1156
355;"2010-06-28 09:55:49";0;35;-407;1670
355;"2010-06-28 09:56:05";0;102;-421;1477
355;"2010-06-28 09:57:11";0;52;-629;1477
355;"2010-06-28 09:57:23";0;-102;-312;1381
355;"2010-06-28 09:57:40";0;-54;-449;1702
355;"2010-06-28 09:58:46";0;35;-380;1317
355;"2010-06-28 09:59:01";0;37;-384;1509
355;"2010-06-28 09:59:16";0;130;-418;1734
355;"2010-06-28 10:00:22";0;102;-315;1188
355;"2010-06-28 10:00:35";0;98;-340;1509
355;"2010-06-28 10:00:52";0;63;-318;1092
355;"2010-06-28 10:01:08";0;156;-534;1509
355;"2010-06-28 10:01:25";0;60;-438;1445
355;"2010-06-28 10:01:40";0;51;-401;1124
355;"2010-06-28 10:01:57";0;61;-402;1252
355;"2010-06-28 10:02:13";0;112;-350;1285
355;"2010-06-28 10:02:28";0;103;-324;1317
355;"2010-06-28 10:02:45";0;94;-347;1349
355;"2010-06-28 10:03:01";0;92;-356;1285
355;"2010-06-28 10:03:17";0;80;-360;1349
355;"2010-06-28 10:03:32";0;91;-337;1381
355;"2010-06-28 10:03:49";0;89;-332;1285
355;"2010-06-28 10:04:04";0;88;-350;1285
355;"2010-06-28 10:04:20";0;72;-319;1285
355;"2010-06-28 10:04:37";0;35;-466;1445
355;"2010-06-28 10:04:52";0;105;-286;1285
355;"2010-06-28 10:05:08";0;111;-318;1124
355;"2010-06-28 10:05:24";0;80;-396;1381
355;"2010-06-28 10:05:40";0;79;-277;1220
355;"2010-06-28 10:05:56";0;62;-279;1445
355;"2010-06-28 10:06:12";0;62;-411;1445
355;"2010-06-28 10:06:28";0;76;-319;1317
355;"2010-06-28 10:06:44";0;60;-400;1477
355;"2010-06-28 10:07:00";0;58;-334;1349
355;"2010-06-28 10:07:28";0;83;-315;1349
355;"2010-06-28 10:07:49";0;-5;-408;1638
355;"2010-06-28 10:08:05";0;99;-518;1220
355;"2010-06-28 10:08:20";0;87;-331;1317
355;"2010-06-28 10:08:36";0;61;-427;1509
355;"2010-06-28 10:08:53";0;88;-356;1317
355;"2010-06-28 10:09:09";0;89;-337;1285
355;"2010-06-28 10:09:24";0;57;-406;1542
355;"2010-06-28 10:09:40";0;98;-406;1445
355;"2010-06-28 10:09:56";0;90;-228;1220
355;"2010-06-28 10:10:12";0;154;190;1028
355;"2010-06-28 10:10:28";0;193;-374;1542
355;"2010-06-28 10:10:46";0;73;-325;1477
355;"2010-06-28 10:11:00";0;91;59;417
355;"2010-06-28 10:11:16";0;16;-386;1445
355;"2010-06-28 10:11:32";0;42;-344;1445
355;"2010-06-28 10:11:48";0;49;-303;1381
355;"2010-06-28 10:12:04";0;54;-435;1638
355;"2010-06-28 10:12:20";0;106;-391;1606
355;"2010-06-28 10:12:36";0;72;-349;1413
355;"2010-06-28 10:12:52";0;-8;-260;1188
355;"2010-06-28 10:13:08";0;88;-341;1220
355;"2010-06-28 10:13:24";0;77;-282;1220
355;"2010-06-28 10:13:40";0;38;-329;1542
355;"2010-06-28 10:13:56";0;27;-394;1413
355;"2010-06-28 10:14:12";0;68;-327;1477
355;"2010-06-28 10:14:28";0;100;-201;1220
355;"2010-06-28 10:14:44";0;68;-321;1188
355;"2010-06-28 10:15:01";0;103;-285;1349
355;"2010-06-28 10:15:16";0;92;-366;1509
355;"2010-06-28 10:15:33";0;89;-299;1574
355;"2010-06-28 10:15:48";0;51;-366;1477
355;"2010-06-28 10:16:04";0;61;-363;1252
355;"2010-06-28 10:16:20";0;85;-339;1285
355;"2010-06-28 10:16:36";0;5;-262;963
355;"2010-06-28 10:16:52";0;33;-485;1670
355;"2010-06-28 10:17:08";0;84;-406;1445
355;"2010-06-28 10:17:24";0;29;-390;1413
355;"2010-06-28 10:17:41";0;103;-354;1317
355;"2010-06-28 10:17:56";0;83;-337;1638
355;"2010-06-28 10:18:12";0;68;-418;1574
355;"2010-06-28 10:18:28";0;21;-303;1413
355;"2010-06-28 10:19:32";0;49;-437;1638
355;"2010-06-28 10:19:49";0;81;-260;1349
355;"2010-06-28 10:20:04";0;108;-418;1574
355;"2010-06-28 10:20:20";0;-13;-180;1092
355;"2010-06-28 10:20:36";0;84;-463;1477
355;"2010-06-28 10:20:52";0;94;-293;1317
355;"2010-06-28 10:21:08";0;84;-346;1188
355;"2010-06-28 10:21:24";0;61;-274;1381
355;"2010-06-28 10:21:41";0;60;-319;1317
355;"2010-06-28 10:21:56";0;66;-413;1509
355;"2010-06-28 10:22:12";0;53;-403;1445
355;"2010-06-28 10:22:28";0;78;-316;1188
355;"2010-06-28 10:22:45";0;71;-362;1156
355;"2010-06-28 10:23:01";0;93;-227;1220
355;"2010-06-28 10:23:16";0;83;-267;1156
355;"2010-06-28 10:23:33";0;47;-378;1381
355;"2010-06-28 10:23:48";0;72;-318;1317
355;"2010-06-28 10:24:05";0;49;-387;1445
355;"2010-06-28 10:24:20";0;67;-348;1574
355;"2010-06-28 10:24:36";0;89;-300;1188
355;"2010-06-28 10:24:53";0;105;-439;1766
355;"2010-06-28 10:25:08";0;6;-435;1606
355;"2010-06-28 10:25:24";0;127;-406;1349
355;"2010-06-28 10:25:41";0;81;-391;1638
355;"2010-06-28 10:25:56";0;54;-469;1445
355;"2010-06-28 10:26:12";0;-48;-264;899
355;"2010-06-28 10:26:30";0;98;-192;1285
355;"2010-06-28 10:26:45";0;-15;-335;1509
355;"2010-06-28 10:27:00";0;57;-407;1799
355;"2010-06-28 10:27:16";0;112;-342;1028
355;"2010-06-28 10:27:32";0;78;-215;1156
355;"2010-06-28 10:27:48";0;83;-392;1542
355;"2010-06-28 10:28:04";0;9;-310;1606
355;"2010-06-28 10:28:21";0;50;-268;1477
355;"2010-06-28 10:28:36";0;97;-276;1252
355;"2010-06-28 10:28:52";0;39;-411;1702
355;"2010-06-28 10:29:09";0;67;-415;1317
355;"2010-06-28 10:29:24";0;96;-399;1413
355;"2010-06-28 10:29:40";0;69;-338;1509
355;"2010-06-28 10:29:56";0;81;-416;1445
355;"2010-06-28 10:30:12";0;56;-381;1445
355;"2010-06-28 10:30:28";0;47;-403;1445
355;"2010-06-28 10:30:44";0;94;-326;1220
355;"2010-06-28 10:31:00";0;77;-359;1413
355;"2010-06-28 10:31:17";0;78;-382;1413
355;"2010-06-28 10:31:33";0;130;-341;1445
355;"2010-06-28 10:31:49";0;98;-354;1285
355;"2010-06-28 10:32:05";0;67;-370;1349
355;"2010-06-28 10:32:20";0;90;-352;1252
355;"2010-06-28 10:32:36";0;80;-262;1317
355;"2010-06-28 10:32:52";0;86;-468;1509
355;"2010-06-28 10:33:09";0;112;-341;1349
355;"2010-06-28 10:33:25";0;85;-378;1252
355;"2010-06-28 10:33:40";0;61;-337;1349
355;"2010-06-28 10:33:56";0;54;-332;1477
355;"2010-06-28 10:34:13";0;35;-492;1542
355;"2010-06-28 10:34:29";0;7;-344;1285
355;"2010-06-28 10:34:45";0;-40;-581;1927
355;"2010-06-28 10:35:00";0;63;-382;1477
355;"2010-06-28 10:35:17";0;118;-324;1349
355;"2010-06-28 10:35:32";0;78;-310;1381
355;"2010-06-28 10:35:48";0;115;-332;1381
355;"2010-06-28 10:36:05";0;67;-345;963
355;"2010-06-28 10:36:20";0;155;-310;1220
355;"2010-06-28 10:36:36";0;17;-562;1477
355;"2010-06-28 10:36:53";0;28;-262;1317
355;"2010-06-28 10:37:20";0;60;-296;1252
355;"2010-06-28 10:37:41";0;10;-180;1252
355;"2010-06-28 10:38:46";0;52;-416;1638
355;"2010-06-28 10:39:00";0;47;-393;1799
355;"2010-06-28 10:39:17";0;19;-350;1413
355;"2010-06-28 10:39:33";0;97;-305;1060
355;"2010-06-28 10:39:48";0;51;-315;1381
355;"2010-06-28 10:40:04";0;56;-315;1317
355;"2010-06-28 10:40:20";0;103;-310;1252
355;"2010-06-28 10:40:36";0;40;-240;1156
355;"2010-06-28 10:40:52";0;40;-401;1445
355;"2010-06-28 10:41:09";0;98;-367;1509
355;"2010-06-28 10:41:24";0;81;-342;1349
355;"2010-06-28 10:41:41";0;21;-361;1574
355;"2010-06-28 10:41:56";0;97;-283;1285
355;"2010-06-28 10:42:13";0;63;-385;1381
355;"2010-06-28 10:42:29";0;76;-434;1477
355;"2010-06-28 10:42:44";0;-25;-84;289
355;"2010-06-28 10:43:01";0;94;-373;1445
355;"2010-06-28 10:43:17";0;89;-347;1638
355;"2010-06-28 10:43:33";0;95;-296;1188
355;"2010-06-28 10:43:48";0;422;-243;1220
355;"2010-06-28 10:44:05";0;176;-321;1734
355;"2010-06-28 10:44:20";0;-74;-699;2056
355;"2010-06-28 10:44:37";0;-320;-124;481
355;"2010-06-28 10:44:52";0;112;-290;1831
355;"2010-06-28 10:45:09";0;-103;-275;931
355;"2010-06-28 10:45:24";0;-150;-192;803
355;"2010-06-28 10:45:40";0;171;-322;514
355;"2010-06-28 10:46:44";0;-2;-525;1542
355;"2010-06-28 10:47:00";0;-123;21;1381
355;"2010-06-28 10:47:16";0;-321;35;1285
355;"2010-06-28 10:47:33";0;-304;18;1349
355;"2010-06-28 10:47:48";0;-280;16;1381
355;"2010-06-28 10:48:04";0;-263;2;1349
355;"2010-06-28 10:48:20";0;-250;-29;1349
355;"2010-06-28 10:48:36";0;-270;28;1285
355;"2010-06-28 10:48:52";0;-243;20;1317
355;"2010-06-28 10:49:08";0;-268;3;1381
355;"2010-06-28 10:49:24";0;-284;17;1413
355;"2010-06-28 10:49:40";0;-272;-41;1285
355;"2010-06-28 10:49:58";0;-233;40;1349
355;"2010-06-28 10:50:13";0;-165;3;1381
355;"2010-06-28 10:50:28";0;-176;23;1349
355;"2010-06-28 10:50:44";0;-175;-15;1349
355;"2010-06-28 10:51:00";0;-190;21;1317
355;"2010-06-28 10:51:16";0;-271;58;1285
355;"2010-06-28 10:51:32";0;-295;37;1317
355;"2010-06-28 10:51:48";0;-202;-47;1349
355;"2010-06-28 10:52:04";0;-213;13;1349
355;"2010-06-28 10:53:09";0;-245;52;1317
355;"2010-06-28 10:53:24";0;-219;25;1349
355;"2010-06-28 10:53:40";0;-274;66;1317
355;"2010-06-28 10:53:58";0;60;-339;192
355;"2010-06-28 10:54:13";0;99;45;-193
355;"2010-06-28 10:56:30";0;-462;-577;2184
355;"2010-06-28 10:58:00";0;-195;-676;2730
355;"2010-06-28 10:58:12";0;-33;-346;1445
355;"2010-06-28 10:58:28";0;98;-445;1734
355;"2010-06-28 10:59:35";0;274;-567;706
355;"2010-06-28 10:59:49";0;82;-145;-33
355;"2010-06-28 11:00:05";0;55;-620;1863
355;"2010-06-28 11:00:21";0;62;-306;385
355;"2010-06-28 11:00:37";0;304;-296;1734
355;"2010-06-28 11:00:53";0;-58;18;192
355;"2010-06-28 11:01:09";0;280;-340;1895
355;"2010-06-28 11:01:26";0;228;40;2216
355;"2010-06-28 11:01:40";0;244;100;706
355;"2010-06-28 11:02:57";0;375;-288;1638
355;"2010-06-28 11:03:17";0;181;22;449
355;"2010-06-28 11:03:33";0;339;-433;1445
355;"2010-06-28 11:03:52";0;-85;-514;1317
355;"2010-06-28 11:04:05";0;-87;-419;2056
355;"2010-06-28 11:04:22";0;-227;-584;2088
355;"2010-06-28 11:04:37";0;-102;135;192
355;"2010-06-28 11:04:59";0;-236;-210;899
355;"2010-06-28 11:05:26";0;207;-148;1863
355;"2010-06-28 11:05:41";0;-314;-499;1927
355;"2010-06-28 11:05:58";0;278;-220;1349
355;"2010-06-28 11:06:13";0;54;-630;2280
355;"2010-06-28 11:06:29";0;403;-183;1285
355;"2010-06-28 11:06:50";0;-134;-455;1959
355;"2010-06-28 11:07:18";0;345;42;706
355;"2010-06-28 11:07:53";0;255;-229;1638
355;"2010-06-28 11:08:23";0;-972;60;835
355;"2010-06-28 11:08:37";0;-1332;-84;1060
355;"2010-06-28 11:08:53";0;-703;-439;353
355;"2010-06-28 11:09:13";0;-96;225;321
355;"2010-06-28 11:09:47";0;357;-191;963
355;"2010-06-28 11:10:16";0;-343;-499;1959
355;"2010-06-28 11:10:29";0;292;-265;1734
355;"2010-06-28 11:10:47";0;196;-416;417
355;"2010-06-28 11:11:02";0;303;-513;1831
355;"2010-06-28 11:11:19";0;-369;102;1285
355;"2010-06-28 11:11:34";0;-541;-99;-258
355;"2010-06-28 11:11:49";0;-429;-173;2409
355;"2010-06-28 11:12:22";0;-487;-114;32
355;"2010-06-28 11:12:37";0;-603;-444;1991
355;"2010-06-28 11:12:54";0;100;-6;1863
355;"2010-06-28 11:13:14";0;-8;62;289
355;"2010-06-28 11:13:42";0;-124;-417;931
355;"2010-06-28 11:13:57";0;-175;-373;1959
355;"2010-06-28 11:14:13";0;366;-394;867
355;"2010-06-28 11:14:29";0;-23;-484;1702
355;"2010-06-28 11:14:44";0;77;-351;1766
355;"2010-06-28 11:15:02";0;76;114;0
355;"2010-06-28 11:15:19";0;-387;99;1831
355;"2010-06-28 11:15:32";0;146;-535;1574
355;"2010-06-28 11:15:49";0;13;-707;2634
355;"2010-06-28 11:16:04";0;28;112;-129
355;"2010-06-28 11:16:21";0;268;-165;546
355;"2010-06-28 11:16:37";0;-16;-44;-129
355;"2010-06-28 11:16:53";0;134;-33;96
355;"2010-06-28 11:17:09";0;-521;-695;2248
355;"2010-06-28 11:17:24";0;-390;-192;289
355;"2010-06-28 11:17:43";0;259;-376;835
355;"2010-06-28 11:17:57";0;-380;-485;2056
355;"2010-06-28 11:18:14";0;71;-684;2827
355;"2010-06-28 11:18:29";0;521;-283;1606
355;"2010-06-28 11:18:45";0;216;-568;2152
355;"2010-06-28 11:19:01";0;-588;-198;-33
355;"2010-06-28 11:19:20";0;66;-407;1702
355;"2010-06-28 11:19:33";0;-370;-9;321
355;"2010-06-28 11:19:49";0;-122;-299;1349
355;"2010-06-28 11:20:05";0;-410;-536;2248
355;"2010-06-28 11:20:21";0;-182;-414;1285
355;"2010-06-28 11:21:43";0;-442;51;1252
355;"2010-06-28 11:21:59";0;-540;69;1252
355;"2010-06-28 11:22:13";0;-616;-377;1831
355;"2010-06-28 11:22:30";0;-708;-486;2184
355;"2010-06-28 11:22:50";0;-231;-88;-129
355;"2010-06-28 11:23:23";0;370;-190;738
355;"2010-06-28 11:23:55";0;125;37;224
355;"2010-06-28 11:24:23";0;-249;-256;931
355;"2010-06-28 11:24:38";0;225;-157;481
355;"2010-06-28 11:24:53";0;174;-246;385
355;"2010-06-28 11:25:13";0;459;50;1381
355;"2010-06-28 11:25:52";0;-140;-350;963
355;"2010-06-28 11:26:15";0;356;-298;642
355;"2010-06-28 11:26:30";0;259;-27;1638
355;"2010-06-28 11:26:50";0;193;-653;2248
355;"2010-06-28 11:27:31";0;167;-82;1766
355;"2010-06-28 11:28:28";0;42;-249;1606
355;"2010-06-28 11:28:57";0;147;-849;224
355;"2010-06-28 11:29:28";0;-126;-597;1959
355;"2010-06-28 11:29:46";0;-228;137;257
355;"2010-06-28 11:30:26";0;-529;117;1156
355;"2010-06-28 11:32:33";0;-446;-655;1959
355;"2010-06-28 11:32:54";0;168;-531;1863
355;"2010-06-28 11:33:09";0;300;156;546
355;"2010-06-28 11:33:26";0;105;-336;1349
355;"2010-06-28 11:33:42";0;-529;140;1252
355;"2010-06-28 11:34:01";0;-607;69;1220
355;"2010-06-28 11:34:31";0;-597;157;1188
355;"2010-06-28 11:35:08";0;-581;120;1188
355;"2010-06-28 11:35:34";0;-616;118;1220
355;"2010-06-28 11:35:48";0;-555;139;1220
355;"2010-06-28 11:38:21";0;82;-625;2184
355;"2010-06-28 11:49:28";0;-429;67;1220
355;"2010-06-28 11:49:40";0;-444;91;1220
355;"2010-06-28 11:52:42";0;-480;149;1252
355;"2010-06-28 11:54:59";0;-306;121;1285
355;"2010-06-28 12:01:01";0;-391;87;1285
355;"2010-06-28 12:01:26";0;-432;60;1317
355;"2010-06-28 12:04:13";0;-255;39;1413
355;"2010-06-28 12:07:40";0;-217;4;1349
355;"2010-06-28 12:13:13";0;-189;96;1413
355;"2010-06-28 12:16:07";0;-389;185;1285
355;"2010-06-28 12:16:20";0;-367;182;1317
355;"2010-06-28 12:16:36";0;-403;149;1285
355;"2010-06-28 12:16:52";0;-408;137;1349
355;"2010-06-28 12:17:08";0;-353;136;1317
355;"2010-06-28 12:17:24";0;-332;103;1349
355;"2010-06-28 12:17:40";0;-303;113;1349
355;"2010-06-28 12:18:02";0;-351;150;1252
355;"2010-06-28 12:18:28";0;-294;126;1381
355;"2010-06-28 12:18:47";0;-352;159;1285
355;"2010-06-28 12:19:00";0;-316;108;1349
355;"2010-06-28 12:19:16";0;-295;93;1317
355;"2010-06-28 12:20:20";0;-369;94;1285
355;"2010-06-28 12:20:36";0;-391;140;1317
355;"2010-06-28 12:20:56";0;-166;-418;1317
355;"2010-06-28 12:21:08";0;-407;42;1317
355;"2010-06-28 12:21:28";0;-363;39;1252
355;"2010-06-28 12:21:40";0;-364;106;1285
355;"2010-06-28 12:24:21";0;-416;-542;2152
355;"2010-06-28 12:25:08";0;173;-361;1831
355;"2010-06-28 12:25:26";0;-96;-363;1670
355;"2010-06-28 12:25:40";0;-231;-162;771
355;"2010-06-28 12:25:56";0;-71;-275;1156
355;"2010-06-28 12:26:14";0;85;-311;1349
355;"2010-06-28 12:26:31";0;-485;76;1285
355;"2010-06-28 12:26:44";0;-446;58;1285
355;"2010-06-28 12:27:00";0;-426;81;1317
355;"2010-06-28 12:27:16";0;-421;101;1349
355;"2010-06-28 12:27:32";0;-445;55;1349
355;"2010-06-28 12:27:48";0;-385;58;1317
355;"2010-06-28 12:28:04";0;-519;172;1349
355;"2010-06-28 12:29:54";0;-501;131;1252
355;"2010-06-28 12:36:54";0;75;122;-225
355;"2010-06-28 12:39:35";0;-440;113;1252
355;"2010-06-28 12:39:49";0;-472;141;1252
355;"2010-06-28 12:40:05";0;-397;82;1252
355;"2010-06-28 12:40:22";0;-411;98;1285
355;"2010-06-28 12:40:38";0;-359;58;1285
355;"2010-06-28 12:40:53";0;-439;59;1252
355;"2010-06-28 12:41:58";0;-409;78;1188
355;"2010-06-28 12:42:13";0;-417;123;1349
355;"2010-06-28 12:42:34";0;-452;47;1285
355;"2010-06-28 12:43:53";0;-602;263;-161
355;"2010-06-28 12:45:11";0;66;-541;1991
355;"2010-06-28 12:46:33";0;140;-477;1285
355;"2010-06-28 12:47:00";0;-439;142;1188
355;"2010-06-28 12:47:16";0;-55;40;-225
355;"2010-06-28 12:47:33";0;-593;75;1188
355;"2010-06-28 12:47:48";0;-539;119;1220
355;"2010-06-28 12:48:04";0;501;-377;1670
355;"2010-06-28 12:49:11";0;-190;130;-1
355;"2010-06-28 12:49:24";0;-353;-186;803
355;"2010-06-28 12:49:40";0;-27;-450;1285
355;"2010-06-28 12:49:57";0;117;-71;353
355;"2010-06-28 12:50:12";0;87;-387;1413
355;"2010-06-28 12:50:28";0;-386;78;1188
355;"2010-06-28 12:50:44";0;-357;8;1220
355;"2010-06-28 12:51:01";0;-334;33;1252
355;"2010-06-28 12:51:16";0;-347;30;1252
355;"2010-06-28 12:51:32";0;-393;167;1285
355;"2010-06-28 12:51:48";0;-370;120;1317
355;"2010-06-28 12:52:04";0;-408;37;1252
355;"2010-06-28 12:53:09";0;-431;147;1092
355;"2010-06-28 12:53:24";0;-394;109;1252
355;"2010-06-28 12:53:42";0;-363;139;1349
355;"2010-06-28 12:53:57";0;-370;127;1413
355;"2010-06-28 12:54:14";0;-388;-346;931
355;"2010-06-28 12:54:29";0;19;117;-258
355;"2010-06-28 12:57:12";0;-485;152;1188
355;"2010-06-28 12:59:33";0;-474;128;1188
355;"2010-06-28 12:59:48";0;-492;192;1124
355;"2010-06-28 13:00:04";0;-422;200;1156
355;"2010-06-28 13:02:00";0;-577;151;224
355;"2010-06-28 13:02:12";0;-8;-550;224
355;"2010-06-28 13:02:30";0;-500;-46;128
355;"2010-06-28 13:03:35";0;-296;16;1349
355;"2010-06-28 13:03:49";0;-220;69;1317
355;"2010-06-28 13:04:05";0;-276;109;1317
355;"2010-06-28 13:05:59";0;-262;126;1285
355;"2010-06-28 13:06:13";0;-273;74;1349
355;"2010-06-28 13:06:29";0;-251;148;1349
355;"2010-06-28 13:06:45";0;-1189;100;2409
355;"2010-06-28 13:07:01";0;288;-459;1574
355;"2010-06-28 13:07:16";0;132;-642;2345
355;"2010-06-28 13:07:32";0;219;149;610
355;"2010-06-28 13:07:48";0;-7;-29;-129
355;"2010-06-28 13:08:04";0;131;-800;2473
355;"2010-06-28 13:08:21";0;256;-171;353
355;"2010-06-28 13:08:37";0;215;-163;546
355;"2010-06-28 13:08:53";0;-78;-463;1252
355;"2010-06-28 13:09:09";0;-325;-602;2120
355;"2010-06-28 13:09:25";0;64;-495;1895
355;"2010-06-28 13:09:43";0;-36;-160;192
355;"2010-06-28 13:09:57";0;20;-27;128
355;"2010-06-28 13:10:13";0;-32;-539;1509
355;"2010-06-28 13:10:28";0;-195;-624;2377
355;"2010-06-28 13:10:45";0;26;-607;2216
355;"2010-06-28 13:11:00";0;167;-388;1927
355;"2010-06-28 13:11:17";0;-50;22;-65
355;"2010-06-28 13:11:32";0;203;-330;1766
355;"2010-06-28 13:11:48";0;118;116;-1
355;"2010-06-28 13:12:04";0;-296;-598;2248
355;"2010-06-28 13:12:20";0;444;-27;995
355;"2010-06-28 13:12:36";0;31;-238;289
355;"2010-06-28 13:12:54";0;-63;399;192
355;"2010-06-28 13:13:08";0;250;-572;1831
355;"2010-06-28 13:13:24";0;-397;-270;642
355;"2010-06-28 13:13:53";0;-297;-486;2023
355;"2010-06-28 13:14:12";0;-50;-223;128
355;"2010-06-28 13:14:28";0;-4;-509;2377
355;"2010-06-28 13:14:45";0;-147;-471;2088
355;"2010-06-28 13:15:00";0;-196;30;-1
355;"2010-06-28 13:15:16";0;-393;5;1349
355;"2010-06-28 13:15:32";0;-386;68;1285
355;"2010-06-28 13:15:48";0;-369;78;1285
355;"2010-06-28 13:16:04";0;-370;95;1252
355;"2010-06-28 13:16:20";0;-332;141;1317
355;"2010-06-28 13:16:37";0;-264;-102;1188
355;"2010-06-28 13:16:53";0;-382;128;1285
355;"2010-06-28 13:17:09";0;-383;127;1317
355;"2010-06-28 13:17:25";0;-361;63;1317
355;"2010-06-28 13:17:40";0;-314;113;1349
355;"2010-06-28 13:18:45";0;-317;95;1317
355;"2010-06-28 13:19:01";0;-302;45;1317
355;"2010-06-28 13:19:17";0;-306;75;1285
355;"2010-06-28 13:19:33";0;-261;113;1317
355;"2010-06-28 13:19:49";0;-381;80;1285
355;"2010-06-28 13:20:05";0;-340;132;1317
355;"2010-06-28 13:21:10";0;-298;110;1349
355;"2010-06-28 13:21:25";0;-301;90;1349
355;"2010-06-28 13:21:41";0;-284;123;1349
355;"2010-06-28 13:21:57";0;-249;91;1285
355;"2010-06-28 13:22:13";0;-206;148;1381
355;"2010-06-28 13:22:30";0;-209;82;1349
355;"2010-06-28 13:22:45";0;-227;36;1349
355;"2010-06-28 13:23:01";0;-197;93;1317
355;"2010-06-28 13:23:17";0;-232;6;1285
355;"2010-06-28 13:24:23";0;-196;95;1413
355;"2010-06-28 13:24:38";0;-177;64;1381
355;"2010-06-28 13:24:54";0;156;-418;1606
355;"2010-06-28 13:25:08";0;-245;104;1349
355;"2010-06-28 13:25:26";0;131;-1018;1188
355;"2010-06-28 13:25:43";0;-574;165;1220
355;"2010-06-28 13:25:56";0;-457;131;1252
355;"2010-06-28 13:26:12";0;-404;116;1381
355;"2010-06-28 13:26:30";0;-503;178;1285
355;"2010-06-28 13:26:46";0;-382;161;1349
355;"2010-06-28 13:27:02";0;-391;123;1285
355;"2010-06-28 13:27:18";0;-419;159;1317
355;"2010-06-28 13:27:32";0;-413;122;1285
355;"2010-06-28 13:27:48";0;-328;117;1317
355;"2010-06-28 13:28:04";0;-374;74;1349
355;"2010-06-28 13:28:20";0;-337;90;1317
355;"2010-06-28 13:28:36";0;-371;47;1317
355;"2010-06-28 13:28:54";0;-346;41;1349
355;"2010-06-28 13:29:08";0;-299;135;1349
355;"2010-06-28 13:29:24";0;-291;97;1285
355;"2010-06-28 13:29:40";0;-369;52;1381
355;"2010-06-28 13:29:56";0;-333;112;1317
355;"2010-06-28 13:30:12";0;-356;44;1220
355;"2010-06-28 13:30:28";0;-481;157;1317
355;"2010-06-28 13:30:44";0;-448;102;1285
355;"2010-06-28 13:31:00";0;-446;156;1317
355;"2010-06-28 13:31:16";0;-399;97;1220
355;"2010-06-28 13:31:32";0;-368;99;1317
355;"2010-06-28 13:31:48";0;-338;88;1317
355;"2010-06-28 13:32:04";0;-273;104;1349
355;"2010-06-28 13:32:20";0;-289;145;1317
355;"2010-06-28 13:32:36";0;-288;183;1349
355;"2010-06-28 13:32:56";0;-321;93;1317
355;"2010-06-28 13:33:10";0;-483;120;1317
355;"2010-06-28 13:33:24";0;-408;135;1285
355;"2010-06-28 13:33:40";0;-356;161;1252
355;"2010-06-28 13:33:58";0;-405;197;1285
355;"2010-06-28 13:34:13";0;-312;103;1317
355;"2010-06-28 13:34:29";0;-310;174;1317
355;"2010-06-28 13:34:45";0;-347;150;1413
355;"2010-06-28 13:35:01";0;-305;65;1317
355;"2010-06-28 13:35:18";0;-290;110;1285
355;"2010-06-28 13:35:32";0;-359;137;1317
355;"2010-06-28 13:35:48";0;-365;116;1285
355;"2010-06-28 13:36:06";0;-286;132;1381
355;"2010-06-28 13:36:22";0;-302;113;1349
355;"2010-06-28 13:36:36";0;-335;54;1349
355;"2010-06-28 13:36:56";0;-329;162;1445
355;"2010-06-28 13:37:08";0;-300;180;1381
355;"2010-06-28 13:37:28";0;-270;164;1349
355;"2010-06-28 13:37:40";0;-276;109;1381
355;"2010-06-28 13:37:56";0;-296;63;1349
355;"2010-06-28 13:38:12";0;-265;151;1349
355;"2010-06-28 13:38:28";0;-301;241;1349
355;"2010-06-28 13:38:45";0;-315;171;1317
355;"2010-06-28 13:39:00";0;-495;135;1220
355;"2010-06-28 13:39:17";0;-345;88;1285
355;"2010-06-28 13:39:32";0;-395;83;1092
355;"2010-06-28 13:39:48";0;-294;139;1413
355;"2010-06-28 13:40:04";0;-330;188;1381
355;"2010-06-28 13:40:20";0;-330;83;1252
355;"2010-06-28 13:40:37";0;-355;152;1252
355;"2010-06-28 13:40:53";0;-278;126;1381
355;"2010-06-28 13:41:08";0;-315;95;1285
355;"2010-06-28 13:41:25";0;-361;98;1188
355;"2010-06-28 13:41:41";0;-287;97;1413
355;"2010-06-28 13:41:56";0;-317;128;1220
355;"2010-06-28 13:42:12";0;-358;113;1252
355;"2010-06-28 13:42:28";0;-252;75;1381
355;"2010-06-28 13:50:36";0;178;-598;2409
355;"2010-06-28 13:51:52";0;-29;-928;3726
355;"2010-06-28 13:52:05";0;27;-3992;128
355;"2010-06-28 13:52:24";0;-374;102;-161
355;"2010-06-28 13:53:27";0;35;-30;0
355;"2010-06-28 13:53:42";0;-20;-663;2441
355;"2010-06-28 13:53:57";0;-443;-771;2056
355;"2010-06-28 13:55:03";0;143;-169;1702
355;"2010-06-28 13:55:17";0;8;-254;224
355;"2010-06-28 13:55:34";0;316;24;1766
355;"2010-06-28 13:55:50";0;415;-434;1702
355;"2010-06-28 13:56:05";0;-1401;1774;-996
355;"2010-06-28 13:56:22";0;-828;-664;2023
355;"2010-06-28 13:57:59";0;-343;156;1220
355;"2010-06-28 14:00:04";0;260;301;931
355;"2010-06-28 14:00:21";0;-24;70;224
355;"2010-06-28 14:00:37";0;-349;-281;610
355;"2010-06-28 14:00:53";0;27;-595;2088
355;"2010-06-28 14:01:10";0;112;-244;1638
355;"2010-06-28 14:01:25";0;-296;-618;2152
355;"2010-06-28 14:01:41";0;-291;-333;803
355;"2010-06-28 14:01:58";0;-111;-568;2473
355;"2010-06-28 14:03:06";0;351;-606;995
355;"2010-06-28 14:03:37";0;-126;-249;2184
355;"2010-06-28 14:04:07";0;-311;-736;2248
355;"2010-06-28 14:04:25";0;49;111;32
355;"2010-06-28 14:05:00";0;390;-297;1574
355;"2010-06-28 14:05:29";0;-401;-401;867
355;"2010-06-28 14:06:00";0;48;-510;321
355;"2010-06-28 14:06:13";0;-136;-449;1349
355;"2010-06-28 14:06:30";0;86;-492;2345
355;"2010-06-28 14:07:35";0;-202;-419;610
355;"2010-06-28 14:07:49";0;-379;-545;2216
355;"2010-06-28 14:08:05";0;377;-47;1188
355;"2010-06-28 14:08:22";0;-86;-414;1734
355;"2010-06-28 14:08:37";0;161;-241;385
355;"2010-06-28 14:08:56";0;183;-507;546
355;"2010-06-28 14:09:11";0;416;506;931
355;"2010-06-28 14:09:25";0;-138;63;-225
355;"2010-06-28 14:09:43";0;488;-728;1252
355;"2010-06-28 14:10:47";0;-221;84;1349
355;"2010-06-28 14:11:01";0;-484;10;1028
355;"2010-06-28 14:11:17";0;-448;63;1285
355;"2010-06-28 14:11:33";0;-322;-573;995
355;"2010-06-28 14:11:50";0;-927;558;-1671
355;"2010-06-28 14:12:05";0;552;-555;1252
355;"2010-06-28 14:12:20";0;53;-172;160
355;"2010-06-28 14:12:36";0;-457;-9;160
355;"2010-06-28 14:12:56";0;-209;-466;2505
355;"2010-06-28 14:13:58";0;23;-509;1863
355;"2010-06-28 14:14:12";0;131;-154;546
355;"2010-06-28 14:14:31";0;270;-347;706
355;"2010-06-28 14:14:45";0;-570;5;160
355;"2010-06-28 14:15:13";0;259;-244;514
355;"2010-06-28 14:15:42";0;-158;64;-1
355;"2010-06-28 14:17:15";0;-159;-1038;2280
355;"2010-06-28 14:17:42";0;-95;-267;2377
355;"2010-06-28 14:17:57";0;-187;-534;2216
355;"2010-06-28 14:18:14";0;-2;-178;257
355;"2010-06-28 14:18:29";0;26;-439;1927
355;"2010-06-28 14:18:45";0;619;-437;1349
355;"2010-06-28 14:19:01";0;358;-239;1766
355;"2010-06-28 14:19:33";0;-43;-955;1799
355;"2010-06-28 14:21:27";0;-281;-176;738
355;"2010-06-28 14:21:41";0;291;-563;1799
355;"2010-06-28 14:21:57";0;131;-524;2634
355;"2010-06-28 14:22:13";0;-55;-383;1220
355;"2010-06-28 14:22:30";0;242;-201;-1
355;"2010-06-28 14:22:46";0;336;238;674
355;"2010-06-28 14:23:01";0;-196;-420;1317
355;"2010-06-28 14:23:17";0;172;-135;514
355;"2010-06-28 14:23:34";0;227;-585;1959
355;"2010-06-28 14:23:49";0;631;-794;934
355;"2010-06-28 14:24:04";0;568;-101;1509
355;"2010-06-28 14:24:22";0;196;-52;449
355;"2010-06-28 14:24:37";0;-183;-349;2537
355;"2010-06-28 14:24:52";0;-247;-339;610
355;"2010-06-28 14:25:10";0;-305;-646;2216
355;"2010-06-28 14:25:25";0;146;-415;1927
355;"2010-06-28 14:25:44";0;51;-283;2023
355;"2010-06-28 14:25:57";0;-398;-568;2152
